{
  "webrl": {
    "rms_per_layer": [
      0.001593475341796875,
      0.0041729736328125,
      0.006823272705078125,
      0.01121063232421875,
      0.01704681396484375,
      0.0251470947265625,
      0.0324139404296875,
      0.042237548828125,
      0.0509130859375,
      0.06054443359375,
      0.06843994140625,
      0.075235595703125,
      0.081695556640625,
      0.08995849609375,
      0.0952294921875,
      0.10336669921875,
      0.1144775390625,
      0.12835693359375,
      0.14105224609375,
      0.15523193359375,
      0.16922119140625,
      0.194208984375,
      0.2176953125,
      0.2407421875,
      0.266591796875,
      0.2942822265625,
      0.3362841796875,
      0.38060546875,
      0.430966796875,
      0.48759765625,
      0.592578125,
      2.37453125
    ],
    "cos_drift_per_layer": [
      0.00390625,
      0.01037109375,
      0.01576171875,
      0.0269140625,
      0.0423046875,
      0.07119140625,
      0.098125,
      0.1348828125,
      0.17265625,
      0.20693359375,
      0.2358984375,
      0.26388671875,
      0.27583984375,
      0.28951171875,
      0.2905078125,
      0.28705078125,
      0.29115234375,
      0.29193359375,
      0.2926171875,
      0.306484375,
      0.31806640625,
      0.33373046875,
      0.35296875,
      0.3691796875,
      0.3824609375,
      0.3971484375,
      0.426796875,
      0.4336328125,
      0.454970703125,
      0.476005859375,
      0.485263671875,
      0.58318359375
    ],
    "n_prompts": 200
  },
  "agentharm": {
    "rms_per_layer": [
      0.0017238468318790585,
      0.009310041155133928,
      0.01118964653510552,
      0.014717399299918832,
      0.018931599406452924,
      0.024630459872159092,
      0.029904848569399352,
      0.036289760044642856,
      0.041763107497970776,
      0.0474948635349026,
      0.05309265929383117,
      0.05852241020698052,
      0.06420264306006493,
      0.07027445211038962,
      0.07538555194805195,
      0.08420790635146104,
      0.09582360998376624,
      0.10739968039772728,
      0.11824967025162338,
      0.1302823153409091,
      0.1428729961444805,
      0.16071111505681818,
      0.17763291396103897,
      0.19772219967532467,
      0.21857244318181818,
      0.24242846996753248,
      0.2706726866883117,
      0.30433872767857145,
      0.3418856534090909,
      0.39058695211038963,
      0.454494724025974,
      1.8351765422077921
    ],
    "cos_drift_per_layer": [
      0.004083806818181818,
      0.008522727272727272,
      0.011008522727272728,
      0.019201501623376624,
      0.026455965909090908,
      0.04030539772727273,
      0.052353896103896104,
      0.06511262175324675,
      0.07878449675324675,
      0.09286221590909091,
      0.10767552759740259,
      0.12756189123376624,
      0.13042816558441558,
      0.1484882305194805,
      0.1593952922077922,
      0.17210328733766234,
      0.17702414772727273,
      0.18498883928571427,
      0.18836241883116883,
      0.20018262987012986,
      0.2109375,
      0.22192065746753248,
      0.2327516233766234,
      0.24178165584415584,
      0.25555499188311687,
      0.2695566152597403,
      0.286525974025974,
      0.30062905844155846,
      0.31620332792207795,
      0.3374594155844156,
      0.3458299512987013,
      0.37413758116883117
    ],
    "n_prompts": 154
  },
  "general": {
    "rms_per_layer": [
      0.0013097381591796874,
      0.003942794799804687,
      0.005290069580078125,
      0.007697601318359375,
      0.010377197265625,
      0.013690185546875,
      0.0179595947265625,
      0.02374755859375,
      0.029171142578125,
      0.034266357421875,
      0.0384796142578125,
      0.04364990234375,
      0.05187744140625,
      0.057442626953125,
      0.06066650390625,
      0.06859619140625,
      0.077838134765625,
      0.08635498046875,
      0.09346923828125,
      0.10234375,
      0.10905517578125,
      0.12205078125,
      0.133271484375,
      0.14564208984375,
      0.15714599609375,
      0.17130859375,
      0.18740234375,
      0.208369140625,
      0.2308642578125,
      0.259560546875,
      0.30705078125,
      1.03697265625
    ],
    "cos_drift_per_layer": [
      0.00390625,
      0.0046875,
      0.00630859375,
      0.009375,
      0.0128515625,
      0.0186328125,
      0.0265625,
      0.03734375,
      0.04837890625,
      0.0570703125,
      0.0659765625,
      0.0800390625,
      0.08814453125,
      0.09787109375,
      0.09962890625,
      0.10400390625,
      0.1067578125,
      0.1072265625,
      0.10521484375,
      0.10771484375,
      0.10818359375,
      0.109453125,
      0.1109375,
      0.11193359375,
      0.11388671875,
      0.1178125,
      0.120234375,
      0.12537109375,
      0.12890625,
      0.1359375,
      0.14025390625,
      0.14599609375
    ],
    "n_prompts": 200
  }
}